{"noiseKey":{"private":{"type":"Buffer","data":"WPOESiNwfGIlb7b9wmQdQtyZHirc6XFY6/oWPS98rH0="},"public":{"type":"Buffer","data":"qNvF6PPDq7yWONEV0tt+LE81N6PkC0pyxeT88y0rUSI="}},"pairingEphemeralKeyPair":{"private":{"type":"Buffer","data":"gNal6uW5jTvHM/HnNCoOWX/kInzdCxjOsd38u6su3n0="},"public":{"type":"Buffer","data":"X03qNpMHee++3pYZifJpFvOrQ2QiB0DhjvCQIf3Zb14="}},"signedIdentityKey":{"private":{"type":"Buffer","data":"mNbeaCRwIHHl2ymoGGe9Kzld4mtdB6JxQbCv1FwjLGY="},"public":{"type":"Buffer","data":"tniuX5rpHbOHqV/tQBin8wr6aiaSIJQwF9nNqkgvC0E="}},"signedPreKey":{"keyPair":{"private":{"type":"Buffer","data":"QFiAoxdD1ydSpxXCw8kZJC7VNukD/auoShePwggKjUE="},"public":{"type":"Buffer","data":"IzZAj33RLz9ED0ns1hFr4meejf99g7B5FKJVVI/mGEo="}},"signature":{"type":"Buffer","data":"Sv+GGtvus9IMhtz07bAW9BhL17Bp8ykVQqKdnRVHJBkjTjJNP1Qb25t5y+QPBBQb7HhUtl3wvG+DFZ6c9TfTCw=="},"keyId":1},"registrationId":100,"advSecretKey":"0h3fWZzCrzvtiAW0qJPenGp3Ug67CmJJSLwMmYepeQk=","processedHistoryMessages":[],"nextPreKeyId":1,"firstUnuploadedPreKeyId":1,"accountSyncCounter":0,"accountSettings":{"unarchiveChats":false},"deviceId":"mK8oGLF-Se6gOkDcjuZzIQ","phoneId":"38b80f75-81eb-4529-bcb7-6b0054bb8b63","identityId":{"type":"Buffer","data":"I8UvbgaHyfwWv7dcES1ann4UNRo="},"registered":false,"backupToken":{"type":"Buffer","data":"5JXnls46hrrAqJdBxHBFTs4Lw7g="},"registration":{},"pairingCode":"NNHAFNE9","me":{"id":"6282271697946@s.whatsapp.net","name":"~"}}